scenario;technique;nom;observee;nb_groupes;groupes
SO1;T1595;Active Scanning;oui;3;"APT41 (G0096); Aquatic Panda (G0143); Earth Lusca (G1006)"
SO1;T1566;Phishing;oui;8;"APT19 (G0073); APT39 (G0087); APT41 (G0096); Earth Lusca (G1006); Machete (G0095); MuddyWater (G0069); OilRig (G0049); Scattered Spider (G1015)"
SO1;T1078;Valid Accounts;oui;7;"APT39 (G0087); APT41 (G0096); APT5 (G1023); GALLIUM (G0093); LAPSUS$ (G1004); OilRig (G0049); Scattered Spider (G1015)"
SO1;T1133;External Remote Services;oui;5;"APT41 (G0096); GALLIUM (G0093); LAPSUS$ (G1004); OilRig (G0049); Scattered Spider (G1015)"
SO1;T1087;Account Discovery;oui;5;"APT41 (G0096); LAPSUS$ (G1004); MuddyWater (G0069); OilRig (G0049); Scattered Spider (G1015)"
SO1;T1548;Abuse Elevation Control Mechanism;oui;2;"Earth Lusca (G1006); MuddyWater (G0069)"
SO1;T1486;Data Encrypted for Impact;oui;2;"APT41 (G0096); Scattered Spider (G1015)"
SO2;T1595;Active Scanning;oui;3;"APT41 (G0096); Aquatic Panda (G0143); Earth Lusca (G1006)"
SO2;T1566;Phishing;oui;8;"APT19 (G0073); APT39 (G0087); APT41 (G0096); Earth Lusca (G1006); Machete (G0095); MuddyWater (G0069); OilRig (G0049); Scattered Spider (G1015)"
SO2;T1078;Valid Accounts;oui;7;"APT39 (G0087); APT41 (G0096); APT5 (G1023); GALLIUM (G0093); LAPSUS$ (G1004); OilRig (G0049); Scattered Spider (G1015)"
SO2;T1133;External Remote Services;oui;5;"APT41 (G0096); GALLIUM (G0093); LAPSUS$ (G1004); OilRig (G0049); Scattered Spider (G1015)"
SO2;T1548;Abuse Elevation Control Mechanism;oui;2;"Earth Lusca (G1006); MuddyWater (G0069)"
SO2;T1087;Account Discovery;oui;5;"APT41 (G0096); LAPSUS$ (G1004); MuddyWater (G0069); OilRig (G0049); Scattered Spider (G1015)"
SO2;T1059.008;Network Device CLI;non;0;
SO2;T1565;Data Manipulation;non;0;
SO3;T1595;Active Scanning;oui;3;"APT41 (G0096); Aquatic Panda (G0143); Earth Lusca (G1006)"
SO3;T1078.004;Cloud Accounts;oui;3;"APT5 (G1023); LAPSUS$ (G1004); Scattered Spider (G1015)"
SO3;T1087;Account Discovery;oui;5;"APT41 (G0096); LAPSUS$ (G1004); MuddyWater (G0069); OilRig (G0049); Scattered Spider (G1015)"
SO3;T1548;Abuse Elevation Control Mechanism;oui;2;"Earth Lusca (G1006); MuddyWater (G0069)"
SO3;T1005;Data from Local System;oui;4;"APT39 (G0087); APT41 (G0096); GALLIUM (G0093); LAPSUS$ (G1004)"
SO3;T1602.002;Network Device Configuration Dump;non;0;
SO4;T1566;Phishing;oui;8;"APT19 (G0073); APT39 (G0087); APT41 (G0096); Earth Lusca (G1006); Machete (G0095); MuddyWater (G0069); OilRig (G0049); Scattered Spider (G1015)"
SO4;T1539;Steal Web Session Cookie;oui;1;Scattered Spider (G1015)
SO4;T1078;Valid Accounts;oui;7;"APT39 (G0087); APT41 (G0096); APT5 (G1023); GALLIUM (G0093); LAPSUS$ (G1004); OilRig (G0049); Scattered Spider (G1015)"
SO4;T1087;Account Discovery;oui;5;"APT41 (G0096); LAPSUS$ (G1004); MuddyWater (G0069); OilRig (G0049); Scattered Spider (G1015)"
SO4;T1548;Abuse Elevation Control Mechanism;oui;2;"Earth Lusca (G1006); MuddyWater (G0069)"
SO4;T1602.002;Network Device Configuration Dump;non;0;
SO4;T1048;Exfiltration Over Alternative Protocol;oui;3;"APT41 (G0096); OilRig (G0049); Thrip (G0076)"
SO4;T1567;Exfiltration Over Web Service;oui;4;"APT41 (G0096); Earth Lusca (G1006); HEXANE (G1001); Scattered Spider (G1015)"
SO5;T1078;Valid Accounts;oui;7;"APT39 (G0087); APT41 (G0096); APT5 (G1023); GALLIUM (G0093); LAPSUS$ (G1004); OilRig (G0049); Scattered Spider (G1015)"
SO5;T1518.001;Security Software Discovery;oui;2;"Aquatic Panda (G0143); MuddyWater (G0069)"
SO5;T1018;Remote System Discovery;oui;6;"APT39 (G0087); Deep Panda (G0009); Earth Lusca (G1006); GALLIUM (G0093); HEXANE (G1001); Scattered Spider (G1015)"
SO5;T1565;Data Manipulation;non;0;
SO5;T1070;Indicator Removal;oui;6;"APT39 (G0087); APT41 (G0096); APT5 (G1023); Aquatic Panda (G0143); Metador (G1013); OilRig (G0049)"
SO6;T1078;Valid Accounts;oui;7;"APT39 (G0087); APT41 (G0096); APT5 (G1023); GALLIUM (G0093); LAPSUS$ (G1004); OilRig (G0049); Scattered Spider (G1015)"
SO6;T1087;Account Discovery;oui;5;"APT41 (G0096); LAPSUS$ (G1004); MuddyWater (G0069); OilRig (G0049); Scattered Spider (G1015)"
SO6;T1005;Data from Local System;oui;4;"APT39 (G0087); APT41 (G0096); GALLIUM (G0093); LAPSUS$ (G1004)"
SO6;T1602.002;Network Device Configuration Dump;non;0;
SO6;T1048;Exfiltration Over Alternative Protocol;oui;3;"APT41 (G0096); OilRig (G0049); Thrip (G0076)"
SO6;T1567;Exfiltration Over Web Service;oui;4;"APT41 (G0096); Earth Lusca (G1006); HEXANE (G1001); Scattered Spider (G1015)"
