technique;nom;nb_groupes;part_groupes;groupes
T1588;Obtain Capabilities;19;0.86;"APT19 (G0073); APT39 (G0087); APT41 (G0096); APT5 (G1023); Aoqin Dragon (G1007); Aquatic Panda (G0143); BackdoorDiplomacy (G0135); Earth Lusca (G1006); Ember Bear (G1003); GALLIUM (G0093); HEXANE (G1001); LAPSUS$ (G1004); Metador (G1013); MuddyWater (G0069); OilRig (G0049); Salt Typhoon (G1045); Scattered Spider (G1015); Thrip (G0076); UNC3886 (G1048)"
T1027;Obfuscated Files or Information;14;0.64;"APT19 (G0073); APT39 (G0087); APT41 (G0096); Aoqin Dragon (G1007); Aquatic Panda (G0143); BackdoorDiplomacy (G0135); Deep Panda (G0009); Earth Lusca (G1006); GALLIUM (G0093); HEXANE (G1001); Metador (G1013); MuddyWater (G0069); OilRig (G0049); UNC3886 (G1048)"
T1036;Masquerading;14;0.64;"APT39 (G0087); APT41 (G0096); APT5 (G1023); Aoqin Dragon (G1007); Aquatic Panda (G0143); BackdoorDiplomacy (G0135); Daggerfly (G1034); Earth Lusca (G1006); Ember Bear (G1003); GALLIUM (G0093); Machete (G0095); MuddyWater (G0069); OilRig (G0049); UNC3886 (G1048)"
T1003;OS Credential Dumping;13;0.59;"APT39 (G0087); APT41 (G0096); APT5 (G1023); Aquatic Panda (G0143); Daggerfly (G1034); Earth Lusca (G1006); Ember Bear (G1003); GALLIUM (G0093); LAPSUS$ (G1004); MuddyWater (G0069); OilRig (G0049); Scattered Spider (G1015); UNC3886 (G1048)"
T1105;Ingress Tool Transfer;12;0.55;"APT39 (G0087); APT41 (G0096); Aquatic Panda (G0143); BackdoorDiplomacy (G0135); Daggerfly (G1034); GALLIUM (G0093); HEXANE (G1001); Metador (G1013); MuddyWater (G0069); OilRig (G0049); Scattered Spider (G1015); UNC3886 (G1048)"
T1190;Exploit Public-Facing Application;11;0.5;"APT39 (G0087); APT41 (G0096); APT5 (G1023); BackdoorDiplomacy (G0135); Earth Lusca (G1006); Ember Bear (G1003); GALLIUM (G0093); MuddyWater (G0069); Salt Typhoon (G1045); Scattered Spider (G1015); UNC3886 (G1048)"
T1053;Scheduled Task/Job;11;0.5;"APT39 (G0087); APT41 (G0096); APT5 (G1023); Daggerfly (G1034); Earth Lusca (G1006); Ember Bear (G1003); GALLIUM (G0093); HEXANE (G1001); Machete (G0095); MuddyWater (G0069); OilRig (G0049)"
T1021;Remote Services;11;0.5;"APT39 (G0087); APT41 (G0096); APT5 (G1023); Aquatic Panda (G0143); Deep Panda (G0009); Ember Bear (G1003); HEXANE (G1001); OilRig (G0049); Salt Typhoon (G1045); Scattered Spider (G1015); UNC3886 (G1048)"
T1204;User Execution;11;0.5;"APT19 (G0073); APT39 (G0087); Aoqin Dragon (G1007); Daggerfly (G1034); Earth Lusca (G1006); HEXANE (G1001); LAPSUS$ (G1004); Machete (G0095); MuddyWater (G0069); OilRig (G0049); Scattered Spider (G1015)"
T1090;Proxy;10;0.45;"APT39 (G0087); APT41 (G0096); APT5 (G1023); Earth Lusca (G1006); Ember Bear (G1003); GALLIUM (G0093); LAPSUS$ (G1004); MuddyWater (G0069); Scattered Spider (G1015); UNC3886 (G1048)"
T1583;Acquire Infrastructure;10;0.45;"APT41 (G0096); APT5 (G1023); Earth Lusca (G1006); Ember Bear (G1003); GALLIUM (G0093); HEXANE (G1001); LAPSUS$ (G1004); MuddyWater (G0069); OilRig (G0049); Scattered Spider (G1015)"
T1218;System Binary Proxy Execution;10;0.45;"APT19 (G0073); APT41 (G0096); Aquatic Panda (G0143); Daggerfly (G1034); Deep Panda (G0009); Earth Lusca (G1006); Machete (G0095); MuddyWater (G0069); OilRig (G0049); UNC3886 (G1048)"
T1505;Server Software Component;9;0.41;"APT39 (G0087); APT41 (G0096); APT5 (G1023); BackdoorDiplomacy (G0135); Deep Panda (G0009); Ember Bear (G1003); GALLIUM (G0093); OilRig (G0049); UNC3886 (G1048)"
T1033;System Owner/User Discovery;9;0.41;"APT19 (G0073); APT39 (G0087); APT41 (G0096); Aquatic Panda (G0143); Earth Lusca (G1006); GALLIUM (G0093); HEXANE (G1001); MuddyWater (G0069); OilRig (G0049)"
T1047;Windows Management Instrumentation;9;0.41;"APT41 (G0096); Aquatic Panda (G0143); Deep Panda (G0009); Earth Lusca (G1006); Ember Bear (G1003); GALLIUM (G0093); MuddyWater (G0069); OilRig (G0049); Scattered Spider (G1015)"
T1074;Data Staged;9;0.41;"APT39 (G0087); APT41 (G0096); APT5 (G1023); BackdoorDiplomacy (G0135); GALLIUM (G0093); MuddyWater (G0069); OilRig (G0049); Scattered Spider (G1015); UNC3886 (G1048)"
T1560;Archive Collected Data;9;0.41;"APT39 (G0087); APT41 (G0096); APT5 (G1023); Aquatic Panda (G0143); Earth Lusca (G1006); Ember Bear (G1003); GALLIUM (G0093); MuddyWater (G0069); UNC3886 (G1048)"
T1016;System Network Configuration Discovery;9;0.41;"APT19 (G0073); APT41 (G0096); Earth Lusca (G1006); GALLIUM (G0093); HEXANE (G1001); MuddyWater (G0069); OilRig (G0049); Scattered Spider (G1015); UNC3886 (G1048)"
T1574;Hijack Execution Flow;8;0.36;"APT19 (G0073); APT41 (G0096); Aquatic Panda (G0143); BackdoorDiplomacy (G0135); Daggerfly (G1034); Earth Lusca (G1006); GALLIUM (G0093); MuddyWater (G0069)"
T1136;Create Account;8;0.36;"APT39 (G0087); APT41 (G0096); APT5 (G1023); Daggerfly (G1034); GALLIUM (G0093); LAPSUS$ (G1004); Salt Typhoon (G1045); Scattered Spider (G1015)"
T1049;System Network Connections Discovery;8;0.36;"APT41 (G0096); APT5 (G1023); BackdoorDiplomacy (G0135); Earth Lusca (G1006); GALLIUM (G0093); HEXANE (G1001); MuddyWater (G0069); OilRig (G0049)"
T1555;Credentials from Password Stores;8;0.36;"APT39 (G0087); APT41 (G0096); HEXANE (G1001); LAPSUS$ (G1004); MuddyWater (G0069); OilRig (G0049); Scattered Spider (G1015); UNC3886 (G1048)"
T1071;Application Layer Protocol;8;0.36;"APT19 (G0073); APT39 (G0087); APT41 (G0096); Daggerfly (G1034); Ember Bear (G1003); Metador (G1013); MuddyWater (G0069); OilRig (G0049)"
T1082;System Information Discovery;8;0.36;"APT19 (G0073); APT41 (G0096); Aquatic Panda (G0143); Daggerfly (G1034); HEXANE (G1001); MuddyWater (G0069); OilRig (G0049); Scattered Spider (G1015)"
T1685;Disable or Modify Tools;7;0.32;"APT41 (G0096); APT5 (G1023); Aquatic Panda (G0143); MuddyWater (G0069); Salt Typhoon (G1045); Scattered Spider (G1015); UNC3886 (G1048)"
T1083;File and Directory Discovery;7;0.32;"APT39 (G0087); APT41 (G0096); APT5 (G1023); Aoqin Dragon (G1007); MuddyWater (G0069); Scattered Spider (G1015); UNC3886 (G1048)"
T1140;Deobfuscate/Decode Files or Information;7;0.32;"APT19 (G0073); APT39 (G0087); APT41 (G0096); Earth Lusca (G1006); MuddyWater (G0069); OilRig (G0049); UNC3886 (G1048)"
T1057;Process Discovery;7;0.32;"APT5 (G1023); Deep Panda (G0009); Earth Lusca (G1006); HEXANE (G1001); MuddyWater (G0069); OilRig (G0049); UNC3886 (G1048)"
