scenario;technique;groupes_v15.1;groupes_v19.2;nouveaux_groupes
SO1;T1595;3;4;Ember Bear (G1003)
SO1;T1078;7;10;Aquatic Panda (G0143), Ember Bear (G1003), UNC3886 (G1048)
SO1;T1133;5;6;Ember Bear (G1003)
SO1;T1087;5;6;Aquatic Panda (G0143)
SO1;T1548;2;3;UNC3886 (G1048)
SO2;T1595;3;4;Ember Bear (G1003)
SO2;T1078;7;10;Aquatic Panda (G0143), Ember Bear (G1003), UNC3886 (G1048)
SO2;T1133;5;6;Ember Bear (G1003)
SO2;T1548;2;3;UNC3886 (G1048)
SO2;T1087;5;6;Aquatic Panda (G0143)
SO2;T1059.008;0;1;UNC3886 (G1048)
SO3;T1595;3;4;Ember Bear (G1003)
SO3;T1087;5;6;Aquatic Panda (G0143)
SO3;T1548;2;3;UNC3886 (G1048)
SO3;T1005;4;7;OilRig (G0049), Aquatic Panda (G0143), Ember Bear (G1003)
SO3;T1602.002;0;1;Salt Typhoon (G1045)
SO4;T1078;7;10;Aquatic Panda (G0143), Ember Bear (G1003), UNC3886 (G1048)
SO4;T1087;5;6;Aquatic Panda (G0143)
SO4;T1548;2;3;UNC3886 (G1048)
SO4;T1602.002;0;1;Salt Typhoon (G1045)
SO4;T1048;3;4;Salt Typhoon (G1045)
SO4;T1567;4;6;MuddyWater (G0069), Ember Bear (G1003)
SO5;T1078;7;10;Aquatic Panda (G0143), Ember Bear (G1003), UNC3886 (G1048)
SO5;T1018;6;8;APT41 (G0096), Ember Bear (G1003)
SO5;T1070;6;9;Ember Bear (G1003), Scattered Spider (G1015), UNC3886 (G1048)
SO6;T1078;7;10;Aquatic Panda (G0143), Ember Bear (G1003), UNC3886 (G1048)
SO6;T1087;5;6;Aquatic Panda (G0143)
SO6;T1005;4;7;OilRig (G0049), Aquatic Panda (G0143), Ember Bear (G1003)
SO6;T1602.002;0;1;Salt Typhoon (G1045)
SO6;T1048;3;4;Salt Typhoon (G1045)
SO6;T1567;4;6;MuddyWater (G0069), Ember Bear (G1003)
